,positions,2LYZ_sequence,most_common_amminoacid,frequency
0,0,K,K,0.964
1,1,V,V,0.696
2,2,F,F,0.59
3,3,G,E,0.534
4,4,R,R,0.95
5,5,C,C,0.984
6,6,E,E,0.958
7,7,L,L,0.874
8,8,A,A,0.99
9,9,A,R,0.618
10,10,A,A,0.432
11,11,M,L,0.566
12,12,K,K,0.988
13,13,R,R,0.626
14,14,H,L,0.394
15,15,G,G,0.984
16,16,L,L,0.582
17,17,D,D,0.9
18,18,N,G,0.654
19,19,Y,Y,0.806
20,20,R,R,0.724
21,21,G,G,0.976
22,22,Y,Y,0.462
23,23,S,S,0.966
24,24,L,L,0.984
25,25,G,A,0.442
26,26,N,N,0.822
27,27,W,W,0.984
28,28,V,V,0.74
29,29,C,C,0.984
30,30,A,L,0.568
31,31,A,A,0.81
32,32,K,K,0.566
33,33,F,W,0.464
34,34,E,E,0.978
35,35,S,S,0.984
36,36,N,N,0.5
37,37,F,Y,0.544
38,38,N,N,0.946
39,39,T,T,0.962
40,40,Q,Q,0.404
41,41,A,A,0.926
42,42,T,T,0.822
43,43,N,N,0.968
44,44,R,Y,0.442
45,45,N,N,0.978
46,46,T,T,0.402
47,47,D,D,0.476
48,48,G,G,0.47
49,49,S,S,0.484
50,50,T,S,0.522
51,51,D,T,0.494
52,52,Y,D,0.496
53,53,G,Y,0.496
54,54,I,G,0.496
55,55,L,I,0.5
56,56,Q,Q,0.482
57,57,I,Q,0.496
58,58,N,I,0.492
59,59,S,N,0.498
60,60,R,S,0.496
61,61,W,W,0.432
62,62,W,W,0.726
63,63,C,W,0.496
64,64,N,C,0.498
65,65,D,N,0.546
66,66,G,D,0.484
67,67,R,G,0.458
68,68,T,K,0.492
69,69,P,T,0.514
70,70,G,P,0.492
71,71,S,S,0.282
72,72,R,A,0.434
73,73,N,N,0.38
74,74,L,N,0.508
75,75,C,A,0.462
76,76,N,C,0.496
77,77,I,I,0.366
78,78,P,I,0.426
79,79,C,C,0.378
80,80,S,C,0.496
81,81,A,S,0.326
82,82,L,L,0.472
83,83,L,L,0.838
84,84,S,L,0.488
85,85,S,S,0.302
86,86,D,D,0.766
87,87,I,D,0.452
88,88,T,I,0.498
89,89,A,T,0.412
90,90,S,Q,0.298
91,91,V,A,0.404
92,92,N,V,0.41
93,93,C,C,0.378
94,94,A,C,0.496
95,95,K,A,0.498
96,96,K,K,0.72
97,97,I,R,0.51
98,98,V,V,0.85
99,99,S,V,0.492
100,100,D,D,0.358
101,101,G,D,0.488
102,102,N,P,0.486
103,103,G,G,0.384
104,104,M,G,0.522
105,105,N,I,0.356
106,106,A,A,0.386
107,107,W,A,0.536
108,108,V,W,0.536
109,109,A,V,0.494
110,110,W,A,0.472
111,111,R,W,0.496
112,112,N,R,0.422
113,113,R,N,0.292
114,114,C,C,0.372
115,115,K,C,0.496
116,116,G,Q,0.374
117,117,T,N,0.35
118,118,D,D,0.37
119,119,V,D,0.47
120,120,Q,L,0.296
121,121,A,S,0.268
122,122,W,W,0.276
123,123,I,Y,0.364
124,124,R,R,0.25
125,125,G,G,0.37
126,126,C,G,0.412
127,127,R,C,0.494
128,128,L,no amminoacid here,0.502
